username,ratings,text,email,phoneNumber
dngmmuyj,2,average excellent poor wonderful poor,dngmmuyj@gmail.com,+917468693465
otnlyjlf,2,poor great terrible poor terrible poor great terrible wonderful satisfactory,otnlyjlf@gmail.com,+919545222590
hllzftil,1,amazing amazing terrible amazing satisfactory excellent horrible terrible terrible amazing horrible poor excellent terrible,hllzftil@gmail.com,+919349552231
teogqdtl,2,amazing satisfactory great excellent great amazing terrible,teogqdtl@gmail.com,+917020051047
vrtdyqws,2,average amazing satisfactory poor poor poor great horrible wonderful amazing horrible poor great horrible,vrtdyqws@gmail.com,+916629393661
oyjrmkrm,2,wonderful excellent satisfactory horrible amazing terrible poor horrible horrible amazing great,oyjrmkrm@gmail.com,+917007371161
hssqubcw,5,great wonderful terrible amazing great amazing average excellent amazing great,hssqubcw@gmail.com,+918041067177
tnzriguc,4,great horrible horrible great average great poor amazing excellent great wonderful poor amazing,tnzriguc@gmail.com,+919407999186
oaxvbhzo,5,excellent great average horrible great great great horrible terrible wonderful amazing average excellent great,oaxvbhzo@gmail.com,+918048315752
nwmetukj,5,average great horrible terrible excellent amazing satisfactory excellent poor average poor great excellent,nwmetukj@gmail.com,+918799218942
frdtfaxn,3,amazing poor poor average terrible,frdtfaxn@gmail.com,+918786911708
wjhjpivc,5,wonderful horrible amazing poor excellent amazing,wjhjpivc@gmail.com,+917015091158
lnewfqbk,2,excellent great great wonderful horrible terrible wonderful excellent poor amazing wonderful wonderful poor terrible amazing,lnewfqbk@gmail.com,+918974465352
xqrsasud,3,great satisfactory great amazing terrible great average average wonderful amazing horrible horrible great excellent terrible,xqrsasud@gmail.com,+917655860331
nozihnct,5,amazing excellent poor horrible average excellent average wonderful average satisfactory satisfactory horrible poor satisfactory,nozihnct@gmail.com,+916925454755
wyaitibv,3,satisfactory poor amazing satisfactory amazing terrible,wyaitibv@gmail.com,+916868559628
bgngrfbe,2,great average satisfactory wonderful horrible satisfactory wonderful wonderful excellent horrible terrible excellent wonderful,bgngrfbe@gmail.com,+918100209486
pnzyhewr,1,satisfactory satisfactory average terrible satisfactory excellent excellent horrible terrible terrible average,pnzyhewr@gmail.com,+918161643132
qwlmighg,4,horrible poor wonderful satisfactory satisfactory average great amazing amazing wonderful,qwlmighg@gmail.com,+918289392092
ebzpnwxf,4,excellent terrible wonderful excellent wonderful wonderful terrible average terrible excellent average excellent satisfactory average amazing,ebzpnwxf@gmail.com,+918156779948
wzkvybgu,1,amazing amazing poor great satisfactory horrible great excellent average amazing average great,wzkvybgu@gmail.com,+919046087899
hykknloi,2,satisfactory horrible poor satisfactory average,hykknloi@gmail.com,+917146375255
foexvivg,5,poor satisfactory satisfactory terrible great poor excellent great amazing horrible,foexvivg@gmail.com,+917696437965
menuzfjj,5,terrible wonderful great average great great,menuzfjj@gmail.com,+916717081236
vpznegmb,1,great amazing terrible amazing horrible excellent poor amazing excellent average great excellent poor excellent,vpznegmb@gmail.com,+917378078908
quuuuwvs,2,amazing great terrible excellent horrible horrible great satisfactory satisfactory excellent poor amazing terrible poor,quuuuwvs@gmail.com,+918619674431
jrwxforu,4,amazing satisfactory excellent amazing amazing amazing horrible poor,jrwxforu@gmail.com,+917366195573
tngcjsen,1,satisfactory terrible poor excellent amazing poor poor terrible average amazing,tngcjsen@gmail.com,+918746222089
knixedgk,2,wonderful terrible average horrible terrible wonderful horrible terrible wonderful horrible,knixedgk@gmail.com,+917898005709
itqqcbtm,2,satisfactory satisfactory satisfactory terrible satisfactory wonderful,itqqcbtm@gmail.com,+919959397032
gvfnblvh,3,wonderful great great terrible wonderful,gvfnblvh@gmail.com,+918389628503
qmveqein,3,terrible satisfactory great satisfactory terrible,qmveqein@gmail.com,+919405961612
mgibvruc,1,amazing poor terrible amazing excellent terrible amazing average poor average amazing horrible,mgibvruc@gmail.com,+918636111772
xelxwytw,2,great amazing satisfactory excellent satisfactory poor excellent satisfactory horrible great terrible,xelxwytw@gmail.com,+919095619468
wuentync,4,terrible great poor satisfactory horrible great,wuentync@gmail.com,+917088506150
vmadlfgm,4,wonderful horrible great wonderful great wonderful average satisfactory satisfactory wonderful horrible,vmadlfgm@gmail.com,+919273889157
pknfmvig,2,great poor wonderful amazing average great amazing horrible amazing excellent average average great amazing satisfactory,pknfmvig@gmail.com,+918067970068
egymunek,3,terrible average satisfactory terrible excellent great great excellent horrible satisfactory great excellent satisfactory average average,egymunek@gmail.com,+916024676614
gqtggovh,3,great amazing excellent satisfactory wonderful great,gqtggovh@gmail.com,+919968711422
etwxuxih,1,wonderful great terrible poor average horrible average average wonderful,etwxuxih@gmail.com,+916900508362
vbjtrmqq,2,excellent great amazing horrible amazing terrible satisfactory great,vbjtrmqq@gmail.com,+918571633288
acyrelev,5,satisfactory excellent wonderful horrible wonderful horrible average satisfactory excellent,acyrelev@gmail.com,+919670792283
sfhtiafy,2,average average satisfactory excellent average average average great,sfhtiafy@gmail.com,+919014813690
uhdhftnm,5,poor amazing terrible wonderful poor amazing satisfactory,uhdhftnm@gmail.com,+918343691094
rfwevmck,4,horrible poor satisfactory terrible horrible terrible amazing satisfactory great poor,rfwevmck@gmail.com,+919758228834
askaclvv,2,poor excellent amazing excellent satisfactory satisfactory great amazing satisfactory terrible wonderful,askaclvv@gmail.com,+918183810245
qpsocotb,5,terrible terrible poor poor great average poor great wonderful terrible average satisfactory,qpsocotb@gmail.com,+917327483259
icqgcvgp,1,terrible poor wonderful wonderful poor wonderful wonderful amazing great,icqgcvgp@gmail.com,+918262270195
wmyvafki,2,average excellent poor excellent satisfactory wonderful horrible,wmyvafki@gmail.com,+918577168316
rqyvfupy,5,horrible poor amazing excellent poor great average great satisfactory average horrible terrible poor satisfactory,rqyvfupy@gmail.com,+917063746747
yjdcgtay,3,poor poor amazing satisfactory horrible wonderful amazing great satisfactory terrible wonderful poor great horrible,yjdcgtay@gmail.com,+919400606358
szwwsgao,1,horrible wonderful great wonderful great wonderful horrible,szwwsgao@gmail.com,+916241968766
bfmstplw,3,poor terrible terrible poor terrible horrible poor terrible great excellent poor average wonderful horrible horrible,bfmstplw@gmail.com,+918051477803
egnxrdls,5,amazing average amazing average amazing great average wonderful,egnxrdls@gmail.com,+918832834428
mcxenxaa,5,horrible horrible terrible average great amazing amazing average wonderful wonderful satisfactory,mcxenxaa@gmail.com,+917730676697
xxthbrvz,4,average average average great poor great poor wonderful horrible excellent great,xxthbrvz@gmail.com,+916422063709
ivzlxscu,4,excellent amazing horrible wonderful terrible satisfactory excellent horrible excellent amazing great average,ivzlxscu@gmail.com,+918810491323
uibjybit,5,great wonderful amazing terrible excellent excellent terrible great satisfactory wonderful excellent satisfactory horrible,uibjybit@gmail.com,+916835094935
vuqxhylo,4,poor great excellent satisfactory great great great amazing poor wonderful horrible,vuqxhylo@gmail.com,+918624503950
npxkyyzz,1,poor amazing great terrible terrible satisfactory terrible satisfactory terrible horrible,npxkyyzz@gmail.com,+917904675387
sdjlgyvy,1,terrible poor satisfactory satisfactory excellent terrible amazing great,sdjlgyvy@gmail.com,+918698228126
zwzinpnq,5,excellent satisfactory wonderful average poor terrible poor terrible wonderful satisfactory excellent satisfactory amazing poor terrible,zwzinpnq@gmail.com,+918890463752
wznjnikp,3,poor terrible satisfactory terrible satisfactory terrible excellent excellent,wznjnikp@gmail.com,+918419233277
sgvbsyse,3,wonderful terrible great horrible satisfactory,sgvbsyse@gmail.com,+916622680825
emsopxmr,4,average amazing excellent horrible terrible terrible horrible great satisfactory,emsopxmr@gmail.com,+919321537727
jwdutasr,3,excellent amazing amazing amazing amazing average average great poor terrible,jwdutasr@gmail.com,+919169993217
wtxdkxow,5,amazing amazing terrible excellent terrible excellent great wonderful great excellent satisfactory horrible terrible terrible wonderful,wtxdkxow@gmail.com,+916539867738
shsiklbn,4,great excellent excellent horrible terrible wonderful terrible,shsiklbn@gmail.com,+916741128917
ykmddaix,1,terrible terrible terrible satisfactory amazing amazing horrible great excellent horrible average poor poor,ykmddaix@gmail.com,+918684346413
faedywuv,4,terrible wonderful horrible excellent amazing great satisfactory terrible satisfactory satisfactory,faedywuv@gmail.com,+919389001634
xozwcubc,1,great excellent poor satisfactory poor terrible horrible horrible satisfactory satisfactory poor amazing average average poor,xozwcubc@gmail.com,+916500607365
upfmpjyu,5,average wonderful poor terrible wonderful satisfactory horrible wonderful horrible satisfactory great poor excellent great,upfmpjyu@gmail.com,+919673357655
gmtspnrk,2,amazing satisfactory average horrible excellent satisfactory terrible amazing terrible,gmtspnrk@gmail.com,+919296122632
utwfnabb,5,horrible average wonderful great satisfactory great poor,utwfnabb@gmail.com,+919325135463
jwbcoxsx,2,excellent wonderful excellent horrible poor poor amazing horrible,jwbcoxsx@gmail.com,+916804673622
dgmgyxma,1,satisfactory horrible terrible terrible great average average wonderful terrible,dgmgyxma@gmail.com,+916623406857
xbfuwxnt,3,terrible wonderful satisfactory great terrible wonderful wonderful average excellent wonderful horrible excellent horrible,xbfuwxnt@gmail.com,+916445969292
gsjurfwn,4,terrible satisfactory terrible excellent poor satisfactory terrible wonderful terrible excellent excellent,gsjurfwn@gmail.com,+919119033351
ztmuxcoz,3,great amazing amazing horrible horrible satisfactory horrible excellent,ztmuxcoz@gmail.com,+917769428698
khpwmfmt,2,average poor satisfactory satisfactory wonderful average great excellent great,khpwmfmt@gmail.com,+919378466021
tidbwhsr,3,average horrible wonderful satisfactory poor satisfactory horrible satisfactory excellent horrible excellent great horrible,tidbwhsr@gmail.com,+919263963316
rllyaald,4,satisfactory great wonderful great average satisfactory,rllyaald@gmail.com,+919758052565
ikylkpgo,1,terrible wonderful horrible average horrible amazing wonderful,ikylkpgo@gmail.com,+919157539536
uivukqow,2,satisfactory excellent great poor poor poor great great amazing,uivukqow@gmail.com,+919079906201
adrysdjc,3,horrible excellent terrible average wonderful great wonderful average,adrysdjc@gmail.com,+916418480367
fjvxcaff,2,horrible wonderful great wonderful excellent great excellent amazing wonderful great,fjvxcaff@gmail.com,+919228662334
lzcnrchj,1,amazing wonderful horrible satisfactory poor excellent amazing terrible excellent excellent poor wonderful satisfactory horrible wonderful,lzcnrchj@gmail.com,+919757850045
qjdbpysu,2,wonderful terrible wonderful excellent poor horrible poor great great amazing poor poor amazing great,qjdbpysu@gmail.com,+916200779413
znymmwsu,1,average satisfactory excellent average amazing terrible terrible great,znymmwsu@gmail.com,+919466844439
vukasojv,1,excellent great satisfactory amazing excellent wonderful excellent amazing,vukasojv@gmail.com,+919710395234
qvvmwvij,2,great average average satisfactory terrible poor,qvvmwvij@gmail.com,+919975935071
cbavnukk,2,great amazing satisfactory horrible horrible poor poor great great average,cbavnukk@gmail.com,+919635791836
bntlhmlq,3,great excellent satisfactory average great wonderful,bntlhmlq@gmail.com,+916580381427
uqbccplc,1,horrible poor horrible average satisfactory,uqbccplc@gmail.com,+919899746576
wirggbqj,5,average great great terrible great wonderful,wirggbqj@gmail.com,+918715293131
surqsibv,3,satisfactory satisfactory terrible amazing satisfactory,surqsibv@gmail.com,+918666103301
afmmpzqj,2,average average horrible average horrible satisfactory satisfactory poor,afmmpzqj@gmail.com,+917947364239
ykaaffhl,2,wonderful poor great poor horrible poor,ykaaffhl@gmail.com,+919076796241
cvlvaprk,3,satisfactory horrible poor wonderful wonderful horrible great great average,cvlvaprk@gmail.com,+917409999225
omfwtvgg,2,wonderful poor excellent satisfactory wonderful,omfwtvgg@gmail.com,+917500123221
plvmzffx,2,terrible excellent horrible poor excellent,plvmzffx@gmail.com,+919335369840
rpdakaee,5,satisfactory amazing excellent wonderful average excellent poor amazing,rpdakaee@gmail.com,+919017323300
vwwjdzkk,3,horrible horrible horrible great satisfactory satisfactory excellent,vwwjdzkk@gmail.com,+917021678026
mbhvahpt,5,poor satisfactory poor satisfactory poor horrible wonderful horrible poor poor,mbhvahpt@gmail.com,+917644060513
bfljvnnr,4,great poor horrible horrible excellent average poor terrible great poor wonderful amazing average wonderful,bfljvnnr@gmail.com,+917539901543
cglfpewb,5,great satisfactory satisfactory terrible wonderful satisfactory excellent satisfactory average great wonderful wonderful,cglfpewb@gmail.com,+917534764108
yqyocoap,3,average terrible horrible satisfactory terrible great satisfactory great horrible average great excellent,yqyocoap@gmail.com,+916512409864
gcvgvllu,3,wonderful wonderful wonderful great horrible satisfactory great great horrible great,gcvgvllu@gmail.com,+918601666305
zfcqjbem,3,terrible terrible terrible terrible average average horrible wonderful wonderful,zfcqjbem@gmail.com,+916849980653
qcsbxgqt,3,average terrible poor horrible terrible poor terrible wonderful great,qcsbxgqt@gmail.com,+919333061280
tkxevtbq,1,excellent great average amazing poor average excellent excellent horrible satisfactory satisfactory average,tkxevtbq@gmail.com,+917715313282
etzfcgjl,2,horrible satisfactory average terrible terrible horrible poor wonderful satisfactory excellent great average great,etzfcgjl@gmail.com,+917441779350
golsxcfe,4,great great average wonderful horrible satisfactory terrible poor poor wonderful average excellent horrible,golsxcfe@gmail.com,+916688237411
ouyytzgh,2,horrible amazing average horrible horrible horrible satisfactory terrible poor satisfactory terrible amazing terrible,ouyytzgh@gmail.com,+916065802209
sbenxwdb,4,excellent wonderful average terrible terrible poor great amazing average excellent wonderful,sbenxwdb@gmail.com,+917414225807
gzjedfvz,1,satisfactory satisfactory average poor horrible great terrible horrible average poor poor satisfactory average,gzjedfvz@gmail.com,+916805508193
edgdhzja,1,wonderful excellent poor terrible wonderful satisfactory excellent amazing terrible great average amazing wonderful,edgdhzja@gmail.com,+916362466581
kudrdvrh,5,wonderful poor great excellent average terrible satisfactory horrible terrible,kudrdvrh@gmail.com,+918107990999
tjrhkzcq,5,terrible excellent wonderful poor average,tjrhkzcq@gmail.com,+917325588497
hihfzttl,4,amazing excellent amazing amazing great satisfactory,hihfzttl@gmail.com,+919393767210
uooohkrp,1,poor great horrible amazing average horrible poor average,uooohkrp@gmail.com,+916231614371
nneheshy,2,satisfactory poor excellent average wonderful terrible,nneheshy@gmail.com,+917122677020
ulnlrdwp,5,average average terrible average terrible,ulnlrdwp@gmail.com,+918962855049
dyfvkdln,1,amazing great terrible great satisfactory terrible excellent average amazing excellent wonderful,dyfvkdln@gmail.com,+918970939613
drfybtlt,2,wonderful wonderful wonderful amazing amazing,drfybtlt@gmail.com,+919189562103
bhexbfzm,2,amazing wonderful horrible terrible wonderful amazing wonderful amazing excellent,bhexbfzm@gmail.com,+918872697862
zcdsigrh,3,poor horrible average poor wonderful,zcdsigrh@gmail.com,+917007733480
hkcnkoye,1,great amazing terrible terrible poor horrible terrible,hkcnkoye@gmail.com,+916717349646
pokamhzh,1,great wonderful poor excellent wonderful,pokamhzh@gmail.com,+916914065164
ikolkikw,2,excellent great amazing amazing terrible amazing terrible satisfactory average terrible amazing,ikolkikw@gmail.com,+917665155703
tsxblzuo,1,terrible poor wonderful excellent amazing satisfactory horrible wonderful,tsxblzuo@gmail.com,+919664967832
mkjxmuyd,5,wonderful average great satisfactory horrible satisfactory,mkjxmuyd@gmail.com,+917954524339
pjozvpsb,1,terrible average average great great terrible excellent satisfactory great amazing poor,pjozvpsb@gmail.com,+917907091882
aqjjswmk,3,excellent great satisfactory terrible terrible great great horrible amazing great,aqjjswmk@gmail.com,+916843513031
itczkbhg,5,satisfactory horrible excellent horrible amazing average average amazing excellent,itczkbhg@gmail.com,+916389764794
djouvglq,1,satisfactory horrible satisfactory great satisfactory horrible terrible horrible excellent average great satisfactory wonderful,djouvglq@gmail.com,+916003997634
mgjrungp,3,wonderful average satisfactory great terrible wonderful great amazing amazing,mgjrungp@gmail.com,+917917602877
yehmkgza,4,average great horrible terrible amazing average excellent terrible terrible,yehmkgza@gmail.com,+917811598152
wxzdaxkq,2,great amazing terrible great great poor average poor horrible wonderful wonderful amazing,wxzdaxkq@gmail.com,+916095285771
dlbqluie,5,poor average wonderful horrible amazing average satisfactory great excellent excellent excellent wonderful average,dlbqluie@gmail.com,+919542833958
xslxitlz,2,terrible amazing terrible great terrible poor terrible amazing excellent,xslxitlz@gmail.com,+918334600396
kljpesxw,3,wonderful amazing amazing wonderful great poor terrible,kljpesxw@gmail.com,+919750544102
dpolmdcx,1,terrible amazing horrible great satisfactory great average terrible average amazing terrible horrible excellent great amazing,dpolmdcx@gmail.com,+917161559025
byridyon,2,amazing great wonderful wonderful great great terrible average excellent satisfactory terrible great satisfactory great average,byridyon@gmail.com,+918864420817
hndkskzg,1,horrible excellent terrible horrible average horrible great poor horrible amazing,hndkskzg@gmail.com,+916960303182
kkxuqdds,1,excellent amazing terrible terrible excellent average average wonderful terrible excellent average,kkxuqdds@gmail.com,+917566416355
ymxhfgyo,1,satisfactory horrible terrible satisfactory great horrible amazing,ymxhfgyo@gmail.com,+917981565327
msurraqu,1,amazing wonderful average average excellent wonderful terrible satisfactory wonderful satisfactory amazing,msurraqu@gmail.com,+917329615744
ezhlzhcb,4,great average terrible average poor poor,ezhlzhcb@gmail.com,+917680204204
usegthjp,3,terrible satisfactory amazing terrible terrible amazing,usegthjp@gmail.com,+917215246241
ernfzihd,3,poor amazing great wonderful great wonderful great excellent amazing wonderful excellent,ernfzihd@gmail.com,+918336279219
yjgoogxe,3,amazing satisfactory excellent poor terrible wonderful horrible terrible amazing,yjgoogxe@gmail.com,+917847753668
mhistaye,5,average satisfactory terrible amazing terrible great terrible satisfactory,mhistaye@gmail.com,+919301909835
vbpapccg,4,wonderful satisfactory excellent excellent wonderful horrible terrible great poor wonderful terrible terrible excellent average horrible,vbpapccg@gmail.com,+919028334826
svdzawje,2,great great wonderful average wonderful amazing satisfactory great terrible poor amazing,svdzawje@gmail.com,+918210004392
sqwabjsl,2,excellent terrible amazing horrible wonderful amazing terrible satisfactory great amazing average wonderful satisfactory terrible great,sqwabjsl@gmail.com,+918621301056
rizyyhcq,2,terrible satisfactory great average average,rizyyhcq@gmail.com,+917060729806
hgvombmu,3,great wonderful horrible great excellent,hgvombmu@gmail.com,+919315634732
seljwcby,4,satisfactory amazing satisfactory poor terrible satisfactory horrible amazing horrible great amazing,seljwcby@gmail.com,+917285222227
gnxjhzfr,4,excellent wonderful excellent satisfactory average amazing terrible horrible great amazing wonderful,gnxjhzfr@gmail.com,+919021574550
ecemvdpv,3,satisfactory amazing amazing average terrible poor,ecemvdpv@gmail.com,+919488854824
ddlkuoqj,1,poor wonderful horrible amazing great horrible satisfactory excellent horrible amazing,ddlkuoqj@gmail.com,+916186574072
vvqnvdpf,1,amazing amazing horrible great amazing wonderful,vvqnvdpf@gmail.com,+916813630412
mhzobliq,4,excellent excellent terrible excellent wonderful great amazing amazing excellent,mhzobliq@gmail.com,+919561102825
bzgufmuy,4,poor average amazing horrible satisfactory amazing horrible excellent great excellent excellent,bzgufmuy@gmail.com,+919081864582
wxqteurm,4,horrible horrible terrible great wonderful amazing excellent amazing satisfactory excellent poor satisfactory satisfactory excellent terrible,wxqteurm@gmail.com,+918618595317
fydcrvoj,4,amazing poor poor wonderful average horrible great poor satisfactory satisfactory poor great amazing satisfactory poor,fydcrvoj@gmail.com,+917509602561
emvvpgcz,1,average great wonderful excellent poor great terrible horrible terrible,emvvpgcz@gmail.com,+917753450711
lwqjetyg,1,horrible horrible average excellent horrible poor average horrible average excellent satisfactory,lwqjetyg@gmail.com,+918599625090
gkscxanl,2,terrible great horrible satisfactory excellent,gkscxanl@gmail.com,+917869155393
qcijdobr,1,terrible wonderful great excellent average great average poor,qcijdobr@gmail.com,+919545336635
vaaajyyb,4,horrible average terrible satisfactory horrible average horrible wonderful,vaaajyyb@gmail.com,+918678202059
cuetfgwd,2,terrible amazing poor excellent great satisfactory horrible excellent great horrible,cuetfgwd@gmail.com,+916417204135
ryrvzlgt,2,terrible horrible wonderful horrible average horrible average horrible great great average excellent poor great,ryrvzlgt@gmail.com,+919832670289
iintulmq,4,wonderful horrible great poor horrible great terrible,iintulmq@gmail.com,+919826952344
gbvdbpyn,2,amazing terrible great amazing terrible poor excellent wonderful poor poor amazing,gbvdbpyn@gmail.com,+919240953598
jymyrvuf,4,horrible wonderful terrible amazing horrible terrible average excellent poor poor excellent great horrible,jymyrvuf@gmail.com,+918025113673
ylvfdhgq,3,excellent poor excellent wonderful excellent horrible great satisfactory terrible horrible terrible,ylvfdhgq@gmail.com,+916711622797
wuenxifw,3,excellent horrible terrible excellent average wonderful,wuenxifw@gmail.com,+917356643489
woqqncil,5,poor poor satisfactory wonderful amazing poor terrible horrible satisfactory wonderful satisfactory wonderful terrible poor great,woqqncil@gmail.com,+917352073323
cdmcsluk,1,horrible wonderful great excellent terrible average amazing great horrible great great great,cdmcsluk@gmail.com,+917455926659
mlftgquh,1,average poor terrible amazing great poor satisfactory great amazing,mlftgquh@gmail.com,+917100461764
tcggepzr,4,wonderful poor satisfactory satisfactory average wonderful great horrible terrible amazing,tcggepzr@gmail.com,+916200735644
bnejhsew,4,satisfactory excellent satisfactory great amazing wonderful,bnejhsew@gmail.com,+918850804511
czziyjut,2,satisfactory satisfactory amazing poor wonderful,czziyjut@gmail.com,+917021042244
ndlxwlxg,3,poor great poor poor wonderful great great average terrible average poor,ndlxwlxg@gmail.com,+916102806565
kjgwsyya,4,satisfactory wonderful satisfactory satisfactory satisfactory terrible excellent excellent,kjgwsyya@gmail.com,+917915379004
qrtumcna,1,average satisfactory poor excellent horrible excellent great great great great,qrtumcna@gmail.com,+919750206888
pchlbdlb,3,average terrible horrible great excellent poor wonderful amazing satisfactory wonderful wonderful wonderful excellent satisfactory,pchlbdlb@gmail.com,+919721686863
ayvexxew,1,terrible great wonderful excellent amazing excellent wonderful excellent wonderful average,ayvexxew@gmail.com,+918679488629
sdwtlxjp,1,amazing wonderful satisfactory horrible poor satisfactory amazing terrible poor amazing average,sdwtlxjp@gmail.com,+919637121317
aczfqthn,5,horrible poor horrible amazing satisfactory satisfactory,aczfqthn@gmail.com,+919976738980
luenwxro,5,excellent great wonderful horrible poor average poor excellent excellent amazing poor horrible average poor,luenwxro@gmail.com,+916823431143
avmzvnsz,3,satisfactory satisfactory excellent excellent average wonderful poor satisfactory,avmzvnsz@gmail.com,+919471071581
wmzibzlv,5,poor average amazing great satisfactory horrible horrible wonderful poor poor wonderful wonderful satisfactory,wmzibzlv@gmail.com,+917941301472
klfjeukt,2,wonderful great horrible amazing average terrible satisfactory amazing,klfjeukt@gmail.com,+916621415388
lakkjbvo,4,wonderful horrible satisfactory excellent poor wonderful wonderful terrible terrible poor great,lakkjbvo@gmail.com,+919045515553
doxesinj,3,wonderful satisfactory excellent excellent satisfactory excellent horrible terrible wonderful wonderful,doxesinj@gmail.com,+916273584043
bpaurcyy,5,excellent satisfactory amazing poor excellent wonderful average great wonderful poor horrible,bpaurcyy@gmail.com,+917007207961
ebenkbsd,2,average horrible poor average excellent terrible wonderful terrible amazing excellent,ebenkbsd@gmail.com,+917204194141
ahoyfqtj,1,poor satisfactory excellent poor amazing great satisfactory average,ahoyfqtj@gmail.com,+919073970165
flvrghvv,3,terrible poor great poor poor excellent poor horrible satisfactory poor satisfactory horrible,flvrghvv@gmail.com,+918964677818
crxrrlhy,2,satisfactory amazing wonderful poor wonderful satisfactory,crxrrlhy@gmail.com,+919726190712
sqvlvatc,1,horrible poor satisfactory horrible excellent terrible horrible,sqvlvatc@gmail.com,+919050763669
uaxgwisk,1,amazing amazing satisfactory average wonderful amazing,uaxgwisk@gmail.com,+917148566537
zahxghnq,5,poor terrible satisfactory amazing great satisfactory poor amazing wonderful excellent wonderful satisfactory excellent excellent amazing,zahxghnq@gmail.com,+918635008586
hppzydad,4,wonderful wonderful poor horrible satisfactory satisfactory,hppzydad@gmail.com,+919176966893
gqijubdi,1,satisfactory great amazing great great horrible terrible amazing excellent satisfactory,gqijubdi@gmail.com,+917107003724
fwjgnjsr,5,excellent horrible excellent horrible poor horrible great,fwjgnjsr@gmail.com,+919640873119
dkombnvu,3,wonderful wonderful wonderful wonderful excellent great excellent wonderful great amazing satisfactory,dkombnvu@gmail.com,+917696842194
vlhmwlow,1,great amazing amazing amazing average excellent great amazing great great horrible great wonderful terrible,vlhmwlow@gmail.com,+916020405466
vcvwnrzx,4,satisfactory terrible excellent amazing terrible poor great average,vcvwnrzx@gmail.com,+917095685202
kahiqvko,3,satisfactory amazing great poor average great poor poor,kahiqvko@gmail.com,+919021907611
mhyqvnri,2,poor horrible poor great terrible excellent terrible excellent,mhyqvnri@gmail.com,+919534372412
xqqlhahj,4,satisfactory terrible excellent amazing terrible terrible average,xqqlhahj@gmail.com,+918109262447
epsmbyqp,4,terrible horrible poor poor terrible,epsmbyqp@gmail.com,+916435510794
mccgcprd,2,terrible poor great horrible terrible amazing great satisfactory satisfactory average,mccgcprd@gmail.com,+918532060482
kpmrccjy,3,average average horrible horrible great,kpmrccjy@gmail.com,+918631370374
xrpcdezz,5,great horrible terrible horrible amazing excellent excellent excellent horrible amazing amazing,xrpcdezz@gmail.com,+917379069021
hchfvsjl,1,amazing poor satisfactory great satisfactory,hchfvsjl@gmail.com,+916808422393
vvobinfm,5,great terrible great poor horrible excellent average terrible great terrible horrible great terrible terrible great,vvobinfm@gmail.com,+917449134548
woohcdry,2,excellent wonderful poor poor poor great horrible amazing amazing wonderful amazing great,woohcdry@gmail.com,+919537555447
kbivhqkw,1,satisfactory excellent average poor terrible great amazing satisfactory wonderful excellent average excellent,kbivhqkw@gmail.com,+916694754768
dtlvfvri,5,amazing excellent great wonderful horrible average average wonderful satisfactory wonderful,dtlvfvri@gmail.com,+919002928751
wxdxdopn,3,horrible average excellent excellent terrible great horrible terrible satisfactory average,wxdxdopn@gmail.com,+918273516724
qowazqqs,3,excellent wonderful horrible great excellent satisfactory excellent horrible average amazing amazing amazing poor excellent,qowazqqs@gmail.com,+916396296016
ijtpyncz,1,horrible poor wonderful poor horrible wonderful,ijtpyncz@gmail.com,+917799140438
ggzgmsod,2,average average terrible great amazing amazing great amazing excellent amazing excellent poor great average,ggzgmsod@gmail.com,+918368040628
wlosbjla,4,average great great average horrible poor average wonderful excellent great excellent poor,wlosbjla@gmail.com,+918216030274
nfndpxqt,4,terrible average great satisfactory horrible terrible,nfndpxqt@gmail.com,+918341453229
yokrdeet,3,poor great excellent average excellent wonderful amazing satisfactory satisfactory terrible,yokrdeet@gmail.com,+919943431754
lumtdfyy,3,amazing terrible great excellent wonderful satisfactory great amazing wonderful amazing terrible average average poor,lumtdfyy@gmail.com,+919091648178
gmwvckfd,3,satisfactory poor horrible horrible horrible terrible great wonderful satisfactory excellent satisfactory terrible satisfactory,gmwvckfd@gmail.com,+919651748087
lvawhsky,3,wonderful average average excellent amazing excellent,lvawhsky@gmail.com,+919299345960
ygofcuoj,1,excellent great average average average average terrible amazing wonderful poor,ygofcuoj@gmail.com,+918936557314
lxpvqwux,2,wonderful poor amazing wonderful poor excellent average terrible amazing great wonderful satisfactory terrible,lxpvqwux@gmail.com,+918506061467
cqamizcf,3,wonderful poor wonderful excellent horrible average wonderful poor great great horrible great amazing great amazing,cqamizcf@gmail.com,+918911872057
nhiwbyfe,1,satisfactory terrible poor great horrible satisfactory amazing great terrible amazing wonderful average,nhiwbyfe@gmail.com,+916713348080
kdwsxjsw,1,excellent satisfactory average great average horrible great horrible great wonderful horrible great,kdwsxjsw@gmail.com,+916627837128
lxshujjo,5,average horrible horrible average great average amazing horrible terrible horrible wonderful horrible excellent average satisfactory,lxshujjo@gmail.com,+919670563463
lrdzjpmk,3,terrible great terrible average terrible satisfactory,lrdzjpmk@gmail.com,+917140218392
gcadlslo,1,terrible wonderful average horrible horrible horrible amazing satisfactory horrible great,gcadlslo@gmail.com,+916591413104
soiqpmug,4,horrible great horrible great terrible excellent satisfactory great wonderful horrible poor,soiqpmug@gmail.com,+918754946205
icjpgnax,1,terrible satisfactory poor horrible satisfactory horrible average excellent excellent amazing poor,icjpgnax@gmail.com,+916395098119
wmqpgpjt,3,excellent poor amazing satisfactory terrible wonderful great amazing great excellent poor great,wmqpgpjt@gmail.com,+918185370404
mfzpfdwx,4,great average satisfactory terrible average poor poor satisfactory average satisfactory terrible amazing,mfzpfdwx@gmail.com,+916765308871
icqklrwd,2,horrible poor average horrible terrible terrible satisfactory amazing terrible great great great satisfactory,icqklrwd@gmail.com,+916676513288
qybokxxw,5,satisfactory wonderful average terrible satisfactory amazing excellent horrible excellent excellent wonderful poor satisfactory poor,qybokxxw@gmail.com,+919020946354
yopdibte,2,terrible average poor satisfactory average amazing great average poor,yopdibte@gmail.com,+917710087811
qofnwqwu,4,wonderful terrible horrible terrible great wonderful horrible excellent horrible satisfactory wonderful average satisfactory poor,qofnwqwu@gmail.com,+919427288841
fiopzbbf,5,wonderful wonderful horrible horrible terrible poor average horrible average,fiopzbbf@gmail.com,+918446046617
jwlgiign,3,horrible horrible horrible horrible satisfactory terrible wonderful,jwlgiign@gmail.com,+919226090661
ygxbtcps,1,terrible excellent wonderful satisfactory satisfactory excellent excellent horrible,ygxbtcps@gmail.com,+917662256216
wkfnkmpa,3,horrible terrible great poor terrible poor excellent satisfactory terrible great wonderful amazing amazing satisfactory horrible,wkfnkmpa@gmail.com,+916179802895
oanvpqmj,5,amazing excellent poor satisfactory terrible average amazing terrible terrible,oanvpqmj@gmail.com,+919118635212
uvfktbfo,3,average horrible poor horrible horrible excellent wonderful satisfactory amazing wonderful,uvfktbfo@gmail.com,+918294647340
xbhndgtl,3,excellent excellent terrible poor poor satisfactory excellent great great,xbhndgtl@gmail.com,+917280537483
djkkofzr,3,satisfactory horrible excellent poor average poor amazing satisfactory great satisfactory average amazing average terrible satisfactory,djkkofzr@gmail.com,+916021428024
ddkzynpm,3,poor great terrible poor horrible great poor excellent,ddkzynpm@gmail.com,+916323227700
gcgscpeb,4,average excellent horrible horrible great great amazing average,gcgscpeb@gmail.com,+917828409124
aurxmfzz,1,satisfactory amazing excellent poor poor poor great great average satisfactory average excellent great,aurxmfzz@gmail.com,+917348697581
psodyykn,1,average wonderful satisfactory horrible great terrible wonderful average terrible,psodyykn@gmail.com,+917052483597
srbnjnbf,5,poor average satisfactory wonderful average terrible great great poor horrible,srbnjnbf@gmail.com,+916293511678
kgkpwvlj,4,great horrible excellent terrible satisfactory amazing satisfactory horrible wonderful excellent satisfactory wonderful satisfactory wonderful,kgkpwvlj@gmail.com,+918615974932
kfyzwvbx,2,satisfactory wonderful horrible terrible wonderful average horrible terrible excellent average,kfyzwvbx@gmail.com,+916344441162
pjisypjj,1,poor great poor horrible excellent terrible,pjisypjj@gmail.com,+916107992039
rngxzklw,3,great terrible average great great wonderful,rngxzklw@gmail.com,+918113120806
rmsgdama,3,satisfactory amazing amazing wonderful excellent wonderful poor great poor horrible,rmsgdama@gmail.com,+919919455205
fmobbenl,3,poor terrible wonderful great great amazing excellent great terrible great,fmobbenl@gmail.com,+916333798857
hblgjyzf,1,horrible horrible poor amazing satisfactory poor poor amazing amazing satisfactory horrible great wonderful terrible wonderful,hblgjyzf@gmail.com,+917192087733
tqswwjuu,5,terrible horrible average amazing excellent excellent wonderful wonderful great great excellent,tqswwjuu@gmail.com,+916071342096
kqxvhjop,3,amazing terrible excellent great excellent excellent,kqxvhjop@gmail.com,+917749478406
aedofcqb,3,excellent amazing horrible satisfactory average wonderful average amazing terrible average excellent horrible wonderful,aedofcqb@gmail.com,+919134716136
zzmtphva,4,poor horrible horrible horrible average horrible,zzmtphva@gmail.com,+919525800396
vdjarujv,3,excellent horrible poor great satisfactory wonderful excellent wonderful amazing terrible wonderful horrible horrible,vdjarujv@gmail.com,+918777335563
xxuizrlm,1,amazing satisfactory terrible amazing great wonderful excellent horrible,xxuizrlm@gmail.com,+919949410820
ynwguxmx,1,poor poor terrible satisfactory poor poor,ynwguxmx@gmail.com,+918809244085
dzrlhwqy,3,excellent wonderful horrible poor average excellent amazing poor,dzrlhwqy@gmail.com,+917859194007
tfdhxlte,2,satisfactory great terrible wonderful terrible,tfdhxlte@gmail.com,+919194452597
xolxvxey,4,terrible wonderful wonderful satisfactory excellent amazing wonderful,xolxvxey@gmail.com,+916852404673
qyudcgjy,2,amazing average satisfactory average excellent,qyudcgjy@gmail.com,+916594549998
wchocvmx,1,wonderful wonderful average average great excellent satisfactory great,wchocvmx@gmail.com,+916258951691
zwggicrz,3,horrible wonderful great poor terrible satisfactory,zwggicrz@gmail.com,+917847174579
dokncjdx,1,great excellent satisfactory excellent satisfactory poor horrible excellent terrible terrible terrible amazing excellent amazing,dokncjdx@gmail.com,+919566869505
tihgnmrm,2,amazing average satisfactory amazing wonderful great great horrible satisfactory satisfactory satisfactory horrible wonderful,tihgnmrm@gmail.com,+919917532515
sytacirw,4,terrible excellent horrible horrible great horrible,sytacirw@gmail.com,+918938452059
jjqegncz,5,poor amazing terrible poor terrible excellent satisfactory,jjqegncz@gmail.com,+919165639363
dgjxhubn,4,horrible terrible average poor terrible wonderful wonderful wonderful terrible average horrible,dgjxhubn@gmail.com,+917637125610
badwpewg,1,poor excellent great amazing horrible horrible excellent amazing wonderful poor excellent poor horrible,badwpewg@gmail.com,+917439885057
mlooeamh,4,poor satisfactory average poor amazing wonderful wonderful,mlooeamh@gmail.com,+916027095607
ideqypbp,3,horrible great terrible average excellent satisfactory terrible horrible excellent terrible satisfactory excellent,ideqypbp@gmail.com,+919948905296
daycsyhb,5,satisfactory satisfactory excellent horrible amazing average great great satisfactory excellent poor amazing average,daycsyhb@gmail.com,+919130125731
plrlcuoc,3,amazing excellent satisfactory average average wonderful terrible terrible great satisfactory,plrlcuoc@gmail.com,+919283272536
jfywwrwr,1,terrible horrible great horrible satisfactory,jfywwrwr@gmail.com,+919944214581
lolvvzip,1,poor horrible amazing horrible amazing great excellent excellent great terrible average poor,lolvvzip@gmail.com,+918698332129
jqsdhnfh,3,satisfactory terrible excellent amazing satisfactory,jqsdhnfh@gmail.com,+918680683102
mwpipeht,4,horrible wonderful satisfactory average wonderful excellent poor terrible great poor poor terrible amazing excellent amazing,mwpipeht@gmail.com,+917718707501
bhyjwurx,4,wonderful satisfactory wonderful average amazing satisfactory horrible horrible wonderful average horrible great horrible wonderful terrible,bhyjwurx@gmail.com,+919924424489
qrxuzdeo,5,average excellent average poor wonderful poor satisfactory average,qrxuzdeo@gmail.com,+918798462064
qtwfjyjm,3,amazing wonderful average amazing excellent excellent horrible terrible wonderful satisfactory wonderful satisfactory average,qtwfjyjm@gmail.com,+918786857143
gstiaeez,2,poor wonderful amazing average amazing satisfactory,gstiaeez@gmail.com,+916491080387
bqvqplvr,5,satisfactory terrible great poor wonderful amazing average,bqvqplvr@gmail.com,+917655114752
wlvsdbwr,2,amazing great horrible poor poor wonderful amazing wonderful,wlvsdbwr@gmail.com,+916604367796
eiydtpwz,1,satisfactory excellent poor satisfactory terrible terrible horrible amazing average excellent terrible satisfactory wonderful satisfactory excellent,eiydtpwz@gmail.com,+916266143720
fgsvmbak,2,poor wonderful wonderful amazing excellent horrible wonderful amazing great amazing satisfactory great amazing poor terrible,fgsvmbak@gmail.com,+917944550274
kpiswoss,3,wonderful wonderful satisfactory amazing poor satisfactory amazing poor,kpiswoss@gmail.com,+918503259402
dnrxqdlc,4,terrible wonderful excellent excellent average horrible excellent wonderful amazing average amazing great terrible,dnrxqdlc@gmail.com,+917202160705
srqehtpx,3,poor horrible amazing amazing poor amazing horrible wonderful excellent wonderful excellent,srqehtpx@gmail.com,+919167221824
agolcvey,5,terrible great terrible poor amazing great wonderful terrible excellent satisfactory wonderful excellent average poor satisfactory,agolcvey@gmail.com,+918098418763
zuuqqxmb,2,excellent horrible great satisfactory average amazing poor excellent horrible amazing average amazing terrible wonderful,zuuqqxmb@gmail.com,+917369110379
toaudkfj,3,excellent amazing poor average excellent great average excellent wonderful great terrible terrible,toaudkfj@gmail.com,+919907163244
fqoitifi,2,satisfactory terrible amazing satisfactory amazing poor satisfactory great great great terrible,fqoitifi@gmail.com,+919527706965
npygzaep,2,average wonderful poor satisfactory terrible excellent poor average amazing excellent,npygzaep@gmail.com,+918467630178
xsgtqsoa,5,terrible terrible wonderful poor wonderful,xsgtqsoa@gmail.com,+916340751304
rjnfxnzd,1,terrible great poor poor terrible average amazing wonderful terrible great average,rjnfxnzd@gmail.com,+918868185884
eytuikmq,4,horrible average excellent excellent horrible terrible horrible,eytuikmq@gmail.com,+919000802953
krgynkeg,5,poor horrible horrible horrible satisfactory average,krgynkeg@gmail.com,+916091868807
vynomlne,2,horrible great satisfactory great terrible poor horrible horrible,vynomlne@gmail.com,+917345499877
klwiusqv,1,wonderful amazing terrible satisfactory satisfactory wonderful great amazing,klwiusqv@gmail.com,+916972416807
zzkgsadl,3,wonderful wonderful excellent excellent horrible great amazing terrible wonderful excellent wonderful average,zzkgsadl@gmail.com,+917331889154
auwwbqul,5,excellent excellent poor horrible excellent horrible average average great average satisfactory poor horrible poor excellent,auwwbqul@gmail.com,+918831789112
sbdavglv,3,satisfactory terrible horrible wonderful poor terrible terrible average horrible,sbdavglv@gmail.com,+917117549083
keinejny,2,excellent poor average poor wonderful excellent excellent amazing poor average poor wonderful horrible,keinejny@gmail.com,+917942882990
yiqbiaoa,5,average great satisfactory wonderful average wonderful average amazing amazing average average,yiqbiaoa@gmail.com,+916712021893
fykiwmwx,2,amazing excellent great average amazing,fykiwmwx@gmail.com,+918912037152
ndvlhfcw,3,terrible amazing great great wonderful average terrible horrible great great horrible wonderful,ndvlhfcw@gmail.com,+916874514711
edvrvyiu,5,excellent amazing great excellent great,edvrvyiu@gmail.com,+918851440520
gfmynuwr,5,amazing poor terrible poor great great satisfactory satisfactory average average amazing,gfmynuwr@gmail.com,+916503016099
uitatwjk,4,average poor average terrible poor wonderful poor average horrible average poor,uitatwjk@gmail.com,+916551069452
dgwsvetx,5,satisfactory terrible amazing average great horrible terrible wonderful horrible wonderful average poor terrible amazing,dgwsvetx@gmail.com,+916561852328
xdejiiml,3,amazing satisfactory poor great great horrible wonderful average terrible terrible excellent horrible,xdejiiml@gmail.com,+919033551614
fyxxwxfg,1,average amazing horrible wonderful great horrible average horrible satisfactory wonderful,fyxxwxfg@gmail.com,+917471444317
fvjaxcfk,5,great satisfactory excellent satisfactory great wonderful average poor great satisfactory terrible,fvjaxcfk@gmail.com,+918888725420
rjilymgx,3,terrible great excellent horrible great terrible poor excellent wonderful amazing terrible,rjilymgx@gmail.com,+916342176002
zcuspsfe,5,horrible great terrible great satisfactory horrible terrible satisfactory horrible excellent satisfactory terrible great excellent satisfactory,zcuspsfe@gmail.com,+919225920052
noavtypz,2,poor poor poor wonderful great average horrible,noavtypz@gmail.com,+917172746833
bdrwohhu,2,average great amazing poor amazing satisfactory excellent average poor average satisfactory,bdrwohhu@gmail.com,+917756589031
azxvhtqf,4,wonderful average great average horrible wonderful,azxvhtqf@gmail.com,+918739546012
qrgecfnw,5,excellent poor satisfactory terrible average wonderful amazing wonderful poor,qrgecfnw@gmail.com,+918237265549
gguipyhw,4,satisfactory great poor average horrible average amazing terrible,gguipyhw@gmail.com,+917307928271
ubzxoqbx,5,satisfactory average horrible average great horrible excellent average satisfactory excellent average great amazing average poor,ubzxoqbx@gmail.com,+918428836365
ohhocnjh,3,excellent poor terrible average amazing great terrible wonderful,ohhocnjh@gmail.com,+917763958785
rumpvpzh,4,wonderful average poor average excellent,rumpvpzh@gmail.com,+918295140548
hvihnzni,1,satisfactory amazing horrible terrible wonderful satisfactory,hvihnzni@gmail.com,+918052723694
mygnivje,5,great amazing wonderful poor satisfactory terrible average poor average terrible horrible great amazing,mygnivje@gmail.com,+919956728334
fcocmmkp,2,horrible terrible horrible excellent terrible excellent terrible great wonderful great great horrible amazing,fcocmmkp@gmail.com,+919330092277
vagtqndo,1,excellent poor satisfactory terrible excellent,vagtqndo@gmail.com,+919380282163
ewvaxffg,1,wonderful great horrible wonderful amazing average excellent satisfactory wonderful,ewvaxffg@gmail.com,+918441558015
erubpmpi,2,great great amazing amazing horrible terrible satisfactory,erubpmpi@gmail.com,+918426261883
tofqiqcr,2,great terrible horrible average poor amazing wonderful wonderful terrible great excellent great average terrible,tofqiqcr@gmail.com,+916850165518
wzxrtnue,4,great excellent wonderful average poor amazing horrible great,wzxrtnue@gmail.com,+917241230856
pdctttdk,5,amazing terrible poor satisfactory excellent average,pdctttdk@gmail.com,+916578401522
iwdwivfj,4,amazing satisfactory poor satisfactory terrible satisfactory satisfactory horrible excellent satisfactory excellent horrible amazing great,iwdwivfj@gmail.com,+918237188735
rpedmigt,2,amazing wonderful terrible amazing excellent average great horrible excellent excellent great wonderful excellent,rpedmigt@gmail.com,+917872580166
qgatxshl,3,satisfactory amazing horrible poor average satisfactory excellent poor excellent,qgatxshl@gmail.com,+916599632349
tbazmahd,5,poor horrible amazing wonderful average satisfactory,tbazmahd@gmail.com,+917872261765
mvfdvqnf,3,satisfactory horrible terrible poor satisfactory poor terrible great excellent wonderful satisfactory average horrible,mvfdvqnf@gmail.com,+917400444522
ulumlpmc,5,amazing terrible satisfactory poor excellent poor average poor excellent terrible poor amazing average poor,ulumlpmc@gmail.com,+919748947871
qjzerxat,3,wonderful wonderful horrible great average poor,qjzerxat@gmail.com,+918424550062
yzvzjlmu,5,wonderful poor terrible wonderful wonderful satisfactory,yzvzjlmu@gmail.com,+918572124296
bkuoyxvp,3,horrible poor excellent horrible poor terrible poor great great poor great,bkuoyxvp@gmail.com,+917970772105
kzjogbqi,2,amazing wonderful excellent great wonderful great,kzjogbqi@gmail.com,+917292970341
ujwcbgys,5,terrible great satisfactory great average terrible wonderful wonderful poor amazing poor wonderful poor horrible,ujwcbgys@gmail.com,+917573422231
slvfkkjf,5,amazing great satisfactory amazing poor horrible excellent horrible poor excellent great excellent,slvfkkjf@gmail.com,+919757156717
hvwqbztu,2,average terrible wonderful great terrible excellent horrible terrible amazing amazing horrible great poor great wonderful,hvwqbztu@gmail.com,+918834943905
pkynqvoe,4,wonderful satisfactory poor wonderful terrible terrible terrible wonderful great horrible average average,pkynqvoe@gmail.com,+918738816604
bzemnolz,1,amazing amazing excellent excellent terrible horrible satisfactory excellent excellent satisfactory satisfactory,bzemnolz@gmail.com,+917143480395
puetfmia,2,satisfactory great great amazing amazing amazing excellent satisfactory average terrible horrible average average amazing,puetfmia@gmail.com,+919162770180
wprphcwr,2,excellent great amazing satisfactory excellent wonderful,wprphcwr@gmail.com,+917809103450
mtfrqrir,5,great poor great wonderful terrible wonderful great excellent average great,mtfrqrir@gmail.com,+919290325172
chfhnbwi,3,poor satisfactory great average great terrible satisfactory satisfactory wonderful excellent,chfhnbwi@gmail.com,+919058183380
mggflrbd,3,satisfactory amazing satisfactory wonderful excellent amazing amazing horrible terrible,mggflrbd@gmail.com,+919029236150
yxogmnxo,5,amazing wonderful wonderful poor wonderful horrible horrible great amazing excellent poor amazing,yxogmnxo@gmail.com,+918768824210
jdrcrnvm,5,horrible wonderful wonderful terrible average great,jdrcrnvm@gmail.com,+916400159146
fagteouj,3,amazing satisfactory amazing terrible great great great satisfactory terrible satisfactory amazing,fagteouj@gmail.com,+919332015649
oxzixxsy,4,wonderful great horrible average average excellent horrible great poor terrible amazing,oxzixxsy@gmail.com,+917732902705
marhdkzt,5,great amazing poor great excellent excellent poor average great,marhdkzt@gmail.com,+916969530018
fvqmwzpt,4,wonderful horrible horrible horrible excellent amazing poor average great excellent poor,fvqmwzpt@gmail.com,+916335621358
rmeonhhj,1,wonderful amazing average terrible wonderful amazing amazing terrible poor excellent excellent poor average great wonderful,rmeonhhj@gmail.com,+916075564968
jytsczzs,4,great wonderful great wonderful terrible wonderful horrible excellent poor,jytsczzs@gmail.com,+916865869529
ukvtuinx,1,wonderful excellent excellent great excellent,ukvtuinx@gmail.com,+918531783097
skmpfrtk,5,great poor amazing wonderful poor excellent terrible great excellent great terrible satisfactory,skmpfrtk@gmail.com,+918483772069
ombqtvap,2,poor excellent average poor satisfactory amazing great poor terrible amazing,ombqtvap@gmail.com,+917945905753
htftkmbo,2,satisfactory average horrible average excellent amazing satisfactory terrible wonderful satisfactory,htftkmbo@gmail.com,+917273170393
hhzumdqt,5,amazing excellent average average excellent excellent horrible,hhzumdqt@gmail.com,+918370742725
sccyjkhh,3,great average horrible terrible great terrible,sccyjkhh@gmail.com,+916681099354
dsgqkget,1,satisfactory horrible wonderful excellent average wonderful excellent average excellent terrible,dsgqkget@gmail.com,+919881132266
qsbbvrip,4,poor horrible wonderful average excellent excellent horrible satisfactory,qsbbvrip@gmail.com,+916166604127
jiqohxqu,4,excellent poor amazing amazing excellent wonderful great poor average excellent excellent amazing,jiqohxqu@gmail.com,+917203948642
zrjxgeti,2,terrible amazing average satisfactory satisfactory excellent amazing horrible excellent amazing amazing average,zrjxgeti@gmail.com,+916706345373
cnevjgso,4,great amazing excellent excellent poor terrible excellent satisfactory excellent,cnevjgso@gmail.com,+919417385457
zttwqhns,5,poor satisfactory terrible average terrible poor excellent terrible excellent poor poor average horrible horrible amazing,zttwqhns@gmail.com,+916209816733
rsdshdis,5,amazing terrible satisfactory great horrible,rsdshdis@gmail.com,+917983675675
obhgycaw,2,wonderful average terrible average wonderful wonderful amazing average average great excellent wonderful poor poor,obhgycaw@gmail.com,+916016203334
pmjexkvu,1,wonderful horrible satisfactory excellent excellent excellent poor wonderful horrible horrible excellent poor excellent poor satisfactory,pmjexkvu@gmail.com,+917678537914
viwkehgw,3,amazing average great great excellent satisfactory poor horrible,viwkehgw@gmail.com,+919234615433
cdbjbjno,1,excellent great amazing horrible amazing satisfactory satisfactory great terrible great wonderful,cdbjbjno@gmail.com,+916110956665
ksgmfgxn,5,great satisfactory great amazing average average wonderful,ksgmfgxn@gmail.com,+917298363157
mhdtdvqh,3,wonderful horrible average satisfactory great poor excellent poor great poor great terrible wonderful,mhdtdvqh@gmail.com,+918144430301
yxmdfnio,5,amazing great wonderful average great wonderful amazing poor,yxmdfnio@gmail.com,+916319205157
tlarbpal,2,great great poor average satisfactory average terrible,tlarbpal@gmail.com,+917251210983
uercknov,2,amazing amazing terrible excellent terrible horrible terrible terrible satisfactory great amazing great amazing horrible,uercknov@gmail.com,+919383716657
heborfia,2,excellent wonderful poor amazing great terrible great satisfactory excellent excellent wonderful horrible,heborfia@gmail.com,+917984831129
metpjhsv,5,horrible excellent great average terrible,metpjhsv@gmail.com,+918915147592
odywuokq,4,horrible average great excellent horrible,odywuokq@gmail.com,+916522401180
mzgtjnni,5,excellent wonderful horrible excellent horrible,mzgtjnni@gmail.com,+919317342611
hpiznpzq,4,excellent wonderful horrible great horrible terrible average average satisfactory average amazing average satisfactory poor amazing,hpiznpzq@gmail.com,+917641425303
yyylzarr,1,amazing poor horrible excellent satisfactory amazing amazing horrible amazing horrible satisfactory terrible,yyylzarr@gmail.com,+917672620153
juuymtnt,3,amazing wonderful horrible great terrible amazing wonderful amazing wonderful wonderful terrible horrible horrible,juuymtnt@gmail.com,+917699209586
clivmrwm,2,average horrible excellent horrible horrible great wonderful,clivmrwm@gmail.com,+918240061719
nouyjpqb,1,satisfactory average horrible average average average satisfactory average poor terrible amazing,nouyjpqb@gmail.com,+918945939395
kettaepg,5,poor satisfactory amazing horrible great,kettaepg@gmail.com,+919731075468
cwzdnhio,5,satisfactory terrible amazing satisfactory amazing horrible terrible horrible poor satisfactory amazing poor wonderful wonderful average,cwzdnhio@gmail.com,+919847998043
pzpceitd,2,wonderful great wonderful wonderful average amazing average terrible wonderful satisfactory excellent excellent terrible amazing satisfactory,pzpceitd@gmail.com,+917403960028
jdmtyijm,2,terrible average satisfactory wonderful wonderful horrible satisfactory satisfactory poor terrible average terrible,jdmtyijm@gmail.com,+918996623580
taounyoz,3,horrible amazing wonderful satisfactory satisfactory great satisfactory horrible average great horrible satisfactory average,taounyoz@gmail.com,+916214533633
ddcibmaq,1,wonderful wonderful excellent terrible excellent amazing average excellent terrible amazing satisfactory wonderful,ddcibmaq@gmail.com,+918374987906
kdxtjwsv,2,poor wonderful satisfactory amazing great satisfactory horrible excellent great amazing,kdxtjwsv@gmail.com,+918623013610
zxvucsah,1,terrible excellent excellent excellent satisfactory satisfactory great amazing amazing poor satisfactory,zxvucsah@gmail.com,+917035259486
allngdmu,4,average wonderful average excellent horrible terrible great,allngdmu@gmail.com,+917533209723
zpjjagzb,4,terrible satisfactory satisfactory satisfactory excellent terrible wonderful wonderful terrible average great,zpjjagzb@gmail.com,+917628267903
ovkkchhw,5,horrible horrible great poor great wonderful horrible terrible wonderful great poor wonderful wonderful poor,ovkkchhw@gmail.com,+919012950009
vadtrduc,2,poor excellent horrible excellent satisfactory,vadtrduc@gmail.com,+917328244952
koiiozcl,4,terrible satisfactory average poor poor great amazing satisfactory,koiiozcl@gmail.com,+916855522138
zhbhoyxk,4,poor great horrible average horrible horrible poor great horrible horrible great amazing wonderful,zhbhoyxk@gmail.com,+917908018118
wzpdezot,2,great excellent wonderful average excellent amazing great excellent excellent average poor wonderful,wzpdezot@gmail.com,+916796283452
qahjsgkr,5,terrible poor horrible terrible excellent excellent terrible,qahjsgkr@gmail.com,+917407460972
cakwhpqv,4,amazing great amazing poor horrible terrible,cakwhpqv@gmail.com,+917523940155
wkhtghxt,4,terrible amazing poor average wonderful poor average average amazing terrible,wkhtghxt@gmail.com,+917586211392
riimziga,3,average satisfactory horrible average great horrible great poor excellent excellent average terrible,riimziga@gmail.com,+917211478147
umauoyue,2,satisfactory horrible horrible amazing satisfactory satisfactory satisfactory wonderful poor terrible horrible great wonderful poor satisfactory,umauoyue@gmail.com,+916147757639
qbpxizis,2,excellent great great wonderful horrible excellent satisfactory excellent horrible average wonderful amazing terrible terrible,qbpxizis@gmail.com,+919332557103
zgqlttcb,3,satisfactory wonderful amazing satisfactory wonderful satisfactory excellent poor great great wonderful poor satisfactory satisfactory horrible,zgqlttcb@gmail.com,+918984298185
tsfmkcfj,1,great poor horrible terrible satisfactory,tsfmkcfj@gmail.com,+916471648548
zpxqiitw,1,average satisfactory amazing amazing terrible great poor satisfactory great satisfactory horrible wonderful great,zpxqiitw@gmail.com,+919792075969
juwyjzlf,2,poor horrible terrible poor excellent terrible wonderful average wonderful,juwyjzlf@gmail.com,+918927097084
chhfxefq,4,poor satisfactory excellent wonderful amazing great terrible great poor poor satisfactory poor terrible horrible,chhfxefq@gmail.com,+917409347562
tftdkpjw,1,wonderful horrible wonderful terrible wonderful amazing wonderful wonderful great wonderful average horrible,tftdkpjw@gmail.com,+916323755838
xmvbfxat,4,amazing wonderful horrible poor horrible average horrible excellent,xmvbfxat@gmail.com,+918940586682
epsgqlpo,2,satisfactory amazing poor excellent satisfactory terrible satisfactory great excellent horrible satisfactory great,epsgqlpo@gmail.com,+918283144710
wnttmqgn,5,excellent horrible poor satisfactory satisfactory satisfactory amazing amazing,wnttmqgn@gmail.com,+916265824486
wlrqubzg,1,terrible horrible wonderful amazing great horrible excellent amazing average great wonderful excellent,wlrqubzg@gmail.com,+919015547423
ioruiisl,5,satisfactory amazing satisfactory average poor excellent average average great,ioruiisl@gmail.com,+916762336029
vfbvoels,1,amazing excellent wonderful average wonderful poor great horrible poor excellent wonderful great great,vfbvoels@gmail.com,+916850437764
eraztbpd,5,satisfactory wonderful poor wonderful average average wonderful wonderful excellent satisfactory terrible,eraztbpd@gmail.com,+918182455842
cmxhgpin,3,average terrible excellent excellent wonderful great great satisfactory horrible horrible excellent terrible satisfactory,cmxhgpin@gmail.com,+919222996779
nmawkyoe,3,average poor excellent wonderful terrible horrible wonderful great amazing terrible wonderful excellent wonderful,nmawkyoe@gmail.com,+918487619790
gsdqacyh,1,great excellent horrible excellent satisfactory horrible poor amazing,gsdqacyh@gmail.com,+917145106096
jwjufhav,1,amazing terrible horrible terrible poor poor average,jwjufhav@gmail.com,+919885206394
nedxpevi,2,amazing poor terrible terrible terrible terrible amazing great satisfactory average amazing,nedxpevi@gmail.com,+919667440469
oskctgvl,1,terrible poor terrible poor wonderful satisfactory wonderful excellent,oskctgvl@gmail.com,+918164369382
rvatjadt,4,poor horrible amazing excellent poor wonderful excellent poor average great horrible horrible,rvatjadt@gmail.com,+916129133314
nujuscgs,1,excellent excellent poor average terrible terrible,nujuscgs@gmail.com,+919755134969
nyfueqjq,5,satisfactory great wonderful average excellent poor terrible excellent average excellent excellent average excellent excellent amazing,nyfueqjq@gmail.com,+918752510264
jkbpznnh,4,satisfactory horrible poor horrible satisfactory amazing amazing amazing,jkbpznnh@gmail.com,+919138991980
jsohjoqo,5,average great poor poor great great amazing average average excellent great excellent amazing amazing amazing,jsohjoqo@gmail.com,+917284508267
frqzntxa,5,horrible terrible horrible satisfactory horrible horrible,frqzntxa@gmail.com,+916895878632
mvfnbfhu,3,excellent horrible amazing great terrible satisfactory poor great wonderful satisfactory great excellent terrible amazing,mvfnbfhu@gmail.com,+918689536482
ainhtlnv,3,great excellent wonderful horrible horrible,ainhtlnv@gmail.com,+917485932011
mwruijcq,2,wonderful amazing excellent excellent wonderful terrible poor great horrible wonderful terrible satisfactory amazing terrible,mwruijcq@gmail.com,+919480021818
cwbomkre,1,amazing horrible terrible satisfactory wonderful great satisfactory amazing horrible wonderful average poor average great,cwbomkre@gmail.com,+919939073949
zkhwwsbn,3,excellent amazing excellent amazing terrible wonderful terrible wonderful average great,zkhwwsbn@gmail.com,+916606693127
nllekfjj,4,poor terrible great excellent average average terrible amazing terrible terrible average wonderful wonderful satisfactory average,nllekfjj@gmail.com,+916742645896
piudkwat,2,satisfactory terrible horrible excellent great amazing satisfactory great average terrible poor,piudkwat@gmail.com,+919848748865
cnnficjk,5,great great poor terrible horrible terrible amazing terrible wonderful great excellent horrible satisfactory satisfactory,cnnficjk@gmail.com,+916833595242
zpcufcfb,1,excellent terrible great great great great horrible poor wonderful,zpcufcfb@gmail.com,+916329817473
zgrgbhvl,3,amazing amazing poor wonderful average average poor satisfactory amazing terrible,zgrgbhvl@gmail.com,+919090508486
tgoiuczq,5,terrible amazing excellent excellent excellent poor terrible,tgoiuczq@gmail.com,+919622483441
izwoxxyi,3,horrible terrible great satisfactory wonderful poor horrible poor excellent great average poor,izwoxxyi@gmail.com,+919035648194
eksbpfnm,1,great poor horrible wonderful poor great satisfactory poor satisfactory excellent satisfactory excellent average,eksbpfnm@gmail.com,+918822460788
sjxmkice,3,satisfactory excellent excellent terrible excellent horrible poor wonderful poor average satisfactory terrible average horrible excellent,sjxmkice@gmail.com,+916473937076
elyarjby,3,average amazing terrible wonderful poor amazing satisfactory horrible amazing wonderful satisfactory,elyarjby@gmail.com,+918380548760
cnlssmzt,5,terrible satisfactory horrible great average horrible poor satisfactory satisfactory,cnlssmzt@gmail.com,+919622059686
elnhyheu,5,horrible satisfactory poor wonderful average,elnhyheu@gmail.com,+917341623658
cohjdbgh,1,amazing amazing terrible terrible wonderful amazing horrible horrible,cohjdbgh@gmail.com,+916518040398
vovywktf,3,average excellent average wonderful great horrible terrible,vovywktf@gmail.com,+917345183211
povxqqgx,2,satisfactory terrible terrible average terrible satisfactory,povxqqgx@gmail.com,+916505345545
vttwyxhj,3,great terrible satisfactory horrible great,vttwyxhj@gmail.com,+917602293017
wupwumzm,5,average excellent excellent amazing excellent amazing great terrible,wupwumzm@gmail.com,+917358007173
vefscizi,5,great great poor excellent great amazing,vefscizi@gmail.com,+919399260203
rsgrwbwk,4,terrible great satisfactory amazing average poor terrible satisfactory wonderful satisfactory,rsgrwbwk@gmail.com,+916042072932
qpgmlhya,3,terrible wonderful wonderful poor excellent amazing amazing amazing satisfactory wonderful great wonderful wonderful average great,qpgmlhya@gmail.com,+919046142441
qpqwfdwf,3,excellent satisfactory poor terrible great average average terrible,qpqwfdwf@gmail.com,+917628793673
ihcebxlq,3,horrible satisfactory wonderful amazing amazing terrible poor wonderful terrible horrible satisfactory,ihcebxlq@gmail.com,+918127711345
agxvtsym,3,amazing excellent great poor average horrible terrible poor,agxvtsym@gmail.com,+917466283711
gjaknohk,2,poor wonderful horrible amazing amazing,gjaknohk@gmail.com,+919117068602
btjwgnmj,1,average excellent satisfactory excellent horrible great poor amazing terrible terrible terrible average,btjwgnmj@gmail.com,+916518618018
mqdemuog,3,great terrible horrible terrible great average amazing terrible poor excellent terrible terrible wonderful,mqdemuog@gmail.com,+916474423984
zbfasbfq,3,great amazing wonderful amazing poor average excellent wonderful average average,zbfasbfq@gmail.com,+918581762739
uwdhukvd,4,poor great horrible horrible wonderful poor horrible amazing,uwdhukvd@gmail.com,+917219798979
zspzxgle,1,horrible horrible horrible amazing excellent satisfactory,zspzxgle@gmail.com,+916839631515
tlkrezhm,3,poor average horrible average horrible satisfactory poor horrible poor excellent,tlkrezhm@gmail.com,+918852322363
vjwcznac,2,excellent poor average terrible wonderful amazing terrible satisfactory satisfactory excellent,vjwcznac@gmail.com,+917066511326
murubxif,5,wonderful horrible poor excellent horrible satisfactory satisfactory satisfactory satisfactory poor poor,murubxif@gmail.com,+919540873839
ddgszvtr,5,horrible terrible horrible satisfactory poor horrible poor amazing average excellent,ddgszvtr@gmail.com,+919040208435
uaukyfwu,1,terrible poor satisfactory poor amazing poor satisfactory great terrible amazing poor great great poor,uaukyfwu@gmail.com,+917260772933
vlcobzki,5,wonderful excellent wonderful excellent excellent excellent horrible poor poor,vlcobzki@gmail.com,+919221153887
bpsizkou,2,poor great average average wonderful great,bpsizkou@gmail.com,+919981936177
jekcouip,5,satisfactory wonderful satisfactory average terrible wonderful satisfactory great wonderful excellent excellent great,jekcouip@gmail.com,+916476615295
hzfolrmi,2,terrible poor horrible horrible excellent poor amazing excellent excellent satisfactory excellent terrible poor average terrible,hzfolrmi@gmail.com,+919368094332
